{"cameraMode":{"drawMode":0,"name":"Shaded","section":"Shading Mode"},"sceneLighting":true,"audioPlay":false,"sceneViewState":{"m_AlwaysRefresh":false,"showFog":true,"showSkybox":true,"showFlares":true,"showImageEffects":true,"showParticleSystems":true,"showVisualEffectGraphs":true,"m_FxEnabled":true},"in2DMode":false,"pivot":{"x":1836.78515625,"y":1232.248291015625,"z":7.4851555824279789},"rotation":{"x":0.003999967128038406,"y":0.0019999982323497535,"z":-0.000008000005436770152,"w":0.9999900460243225},"size":1563.479736328125,"orthographic":false}